hh_less,hh_more
1972626.4444444443,566830.0115621624
5048872.277227723,1754198.7004546612
