hh_less,hh_more
986313.2222222221,283415.0057810812
2524436.1386138615,877099.3502273306
