"","region","ct_band","regions","ctb_banddis","frs_banddis","dist_diff"
"1","E","a","EE",0.141763365787246,0.093167701863354,0.0485956639238917
"2","E","b","EE",0.210012756561334,0.178743961352657,0.0312687952086775
"3","E","c","EE",0.258705423540718,0.276742581090407,-0.0180371575496892
"4","E","d","EE",0.176375549161385,0.206349206349206,-0.0299736571878215
"5","E","e","EE",0.108748255268517,0.129744651483782,-0.0209963962152649
"6","E","f","EE",0.0597266635013615,0.0662525879917184,-0.00652592449035697
"7","E","g","EE",0.0395467702446056,0.0393374741200828,0.00020929612452282
"8","E","h","EE",0.00512121593483285,0.00690131124913734,-0.00178009531430449
